{
    "epoch": 3.0,
    "eval_accuracy": 0.7794117647058824,
    "eval_combined_score": 0.8156927244582044,
    "eval_f1": 0.8519736842105263,
    "eval_loss": 0.6443172693252563,
    "eval_runtime": 2.7396,
    "eval_samples": 408,
    "eval_samples_per_second": 148.929,
    "eval_steps_per_second": 9.491
}